分拣中心,日期,货量
SC1,2023-12-1,49311.56315
SC1,2023-12-2,51429.99707
SC1,2023-12-3,53039.89484
SC1,2023-12-4,54277.36247
SC1,2023-12-5,55242.13777
SC1,2023-12-6,56007.30833
SC1,2023-12-7,56626.43275
SC1,2023-12-8,57138.75901
SC1,2023-12-9,57573.04845
SC1,2023-12-10,57950.37791
SC1,2023-12-11,58286.19312
SC1,2023-12-12,58591.81337
SC1,2023-12-13,58875.53421
SC1,2023-12-14,59143.43537
SC1,2023-12-15,59399.97289
SC1,2023-12-16,59648.41295
SC1,2023-12-17,59891.14989
SC1,2023-12-18,60129.9391
SC1,2023-12-19,60366.06781
SC1,2023-12-20,60600.48016
SC1,2023-12-21,60833.86891
SC1,2023-12-22,61066.7426
SC1,2023-12-23,61299.47476
SC1,2023-12-24,61532.34002
SC1,2023-12-25,61765.54055
SC1,2023-12-26,61999.22536
SC1,2023-12-27,62233.50459
SC1,2023-12-28,62468.45985
SC1,2023-12-29,62704.15185
SC1,2023-12-30,62940.62603
SC3,2023-12-1,12666.64333
SC3,2023-12-2,12605.60631
SC3,2023-12-3,12551.67242
SC3,2023-12-4,12493.27979
SC3,2023-12-5,12438.38989
SC3,2023-12-6,12381.51716
SC3,2023-12-7,12326.43795
SC3,2023-12-8,12270.54929
SC3,2023-12-9,12215.6421
SC3,2023-12-10,12160.48093
SC3,2023-12-11,12105.91482
SC3,2023-12-12,12051.35708
SC3,2023-12-13,11997.20991
SC3,2023-12-14,11943.19441
SC3,2023-12-15,11889.5008
SC3,2023-12-16,11835.9962
SC3,2023-12-17,11782.77028
SC3,2023-12-18,11729.75943
SC3,2023-12-19,11677.00562
SC3,2023-12-20,11624.47811
SC3,2023-12-21,11572.19625
SC3,2023-12-22,11520.14491
SC3,2023-12-23,11468.3327
SC3,2023-12-24,11416.75188
SC3,2023-12-25,11365.406
SC3,2023-12-26,11314.29084
SC3,2023-12-27,11263.40753
SC3,2023-12-28,11212.75351
SC3,2023-12-29,11162.3288
SC3,2023-12-30,11112.13164
SC4,2023-12-1,23270.52848
SC4,2023-12-2,24321.16755
SC4,2023-12-3,25062.01747
SC4,2023-12-4,25590.80665
SC4,2023-12-5,25974.45111
SC4,2023-12-6,26258.76925
SC4,2023-12-7,26475.13366
SC4,2023-12-8,26645.02568
SC4,2023-12-9,26783.15402
SC4,2023-12-10,26899.59006
SC4,2023-12-11,27001.22996
SC4,2023-12-12,27092.79573
SC4,2023-12-13,27177.52077
SC4,2023-12-14,27257.61916
SC4,2023-12-15,27334.60706
SC4,2023-12-16,27409.52275
SC4,2023-12-17,27483.07732
SC4,2023-12-18,27555.75779
SC4,2023-12-19,27627.89779
SC4,2023-12-20,27699.72592
SC4,2023-12-21,27771.39884
SC4,2023-12-22,27843.02398
SC4,2023-12-23,27914.67505
SC4,2023-12-24,27986.40267
SC4,2023-12-25,28058.24165
SC4,2023-12-26,28130.21599
SC4,2023-12-27,28202.34225
SC4,2023-12-28,28274.63196
SC4,2023-12-29,28347.09315
SC4,2023-12-30,28419.73146
SC5,2023-12-1,24607.32639
SC5,2023-12-2,25931.40938
SC5,2023-12-3,26858.06423
SC5,2023-12-4,27515.32528
SC5,2023-12-5,27990.01018
SC5,2023-12-6,28340.98843
SC5,2023-12-7,28608.17849
SC5,2023-12-8,28818.64855
SC5,2023-12-9,28990.75324
SC5,2023-12-10,29136.93879
SC5,2023-12-11,29265.64502
SC5,2023-12-12,29382.5951
SC5,2023-12-13,29491.6701
SC5,2023-12-14,29595.50202
SC5,2023-12-15,29695.87586
SC5,2023-12-16,29794.00233
SC5,2023-12-17,29890.70267
SC5,2023-12-18,29986.5341
SC5,2023-12-19,30081.87475
SC5,2023-12-20,30176.98136
SC5,2023-12-21,30272.02832
SC5,2023-12-22,30367.13423
SC5,2023-12-23,30462.37981
SC5,2023-12-24,30557.82014
SC5,2023-12-25,30653.49287
SC5,2023-12-26,30749.42387
SC5,2023-12-27,30845.63101
SC5,2023-12-28,30942.12673
SC5,2023-12-29,31038.9198
SC5,2023-12-30,31136.0165
SC6,2023-12-1,31768.07553
SC6,2023-12-2,33625.59034
SC6,2023-12-3,34890.16526
SC6,2023-12-4,35766.37561
SC6,2023-12-5,36388.27698
SC6,2023-12-6,36843.71456
SC6,2023-12-7,37190.25256
SC6,2023-12-8,37465.61259
SC6,2023-12-9,37694.51372
SC6,2023-12-10,37893.15464
SC6,2023-12-11,38072.15079
SC6,2023-12-12,38238.459
SC6,2023-12-13,38396.63866
SC6,2023-12-14,38549.67818
SC6,2023-12-15,38699.53653
SC6,2023-12-16,38847.49807
SC6,2023-12-17,38994.40517
SC6,2023-12-18,39140.81051
SC6,2023-12-19,39287.07698
SC6,2023-12-20,39433.44309
SC6,2023-12-21,39580.06585
SC6,2023-12-22,39727.04889
SC6,2023-12-23,39874.46082
SC6,2023-12-24,40022.34735
SC6,2023-12-25,40170.73915
SC6,2023-12-26,40319.65707
SC6,2023-12-27,40469.11549
SC6,2023-12-28,40619.1246
SC6,2023-12-29,40769.69179
SC6,2023-12-30,40920.82269
SC7,2023-12-1,37899.49465
SC7,2023-12-2,39983.95194
SC7,2023-12-3,41443.21055
SC7,2023-12-4,42472.02718
SC7,2023-12-5,43204.50289
SC7,2023-12-6,43732.97393
SC7,2023-12-7,44121.01906
SC7,2023-12-8,44412.41596
SC7,2023-12-9,44637.3081
SC7,2023-12-10,44816.45103
SC7,2023-12-11,44964.13621
SC7,2023-12-12,45090.20418
SC7,2023-12-13,45201.43078
SC7,2023-12-14,45302.48167
SC7,2023-12-15,45396.56945
SC7,2023-12-16,45485.90629
SC7,2023-12-17,45572.01545
SC7,2023-12-18,45655.94587
SC7,2023-12-19,45738.41988
SC7,2023-12-20,45819.93492
SC7,2023-12-21,45900.83358
SC7,2023-12-22,45981.35184
SC7,2023-12-23,46061.65226
SC7,2023-12-24,46141.84685
SC7,2023-12-25,46222.0128
SC7,2023-12-26,46302.20337
SC7,2023-12-27,46382.45528
SC7,2023-12-28,46462.7939
SC7,2023-12-29,46543.2368
SC7,2023-12-30,46623.79612
CS8,2023-12-1,41316.77495
CS8,2023-12-2,43095.31179
CS8,2023-12-3,44346.3202
CS8,2023-12-4,45235.58071
CS8,2023-12-5,45876.79669
CS8,2023-12-6,46347.95351
CS8,2023-12-7,46702.53882
CS8,2023-12-8,46977.23812
CS8,2023-12-9,47197.21286
CS8,2023-12-10,47379.72058
CS8,2023-12-11,47536.59777
CS8,2023-12-12,47675.96281
CS8,2023-12-13,47803.38396
CS8,2023-12-14,47922.68046
CS8,2023-12-15,48036.47192
CS8,2023-12-16,48146.55518
CS8,2023-12-17,48254.16279
CS8,2023-12-18,48360.14025
CS8,2023-12-19,48465.0676
CS8,2023-12-20,48569.34281
CS8,2023-12-21,48673.23898
CS8,2023-12-22,48776.94358
CS8,2023-12-23,48880.58531
CS8,2023-12-24,48984.2526
CS8,2023-12-25,49088.00624
CS8,2023-12-26,49191.88807
CS8,2023-12-27,49295.92693
CS8,2023-12-28,49400.14276
CS8,2023-12-29,49504.54937
CS8,2023-12-30,49609.15638
SC9,2023-12-1,29082.23681
SC9,2023-12-2,30135.14011
SC9,2023-12-3,30875.81263
SC9,2023-12-4,31403.99512
SC9,2023-12-5,31787.58452
SC9,2023-12-6,32072.80068
SC9,2023-12-7,32291.10708
SC9,2023-12-8,32463.92212
SC9,2023-12-9,32605.82612
SC9,2023-12-10,32726.74453
SC9,2023-12-11,32833.43406
SC9,2023-12-12,32930.49435
SC9,2023-12-13,33021.05667
SC9,2023-12-14,33107.25272
SC9,2023-12-15,33190.53373
SC9,2023-12-16,33271.88776
SC9,2023-12-17,33351.98752
SC9,2023-12-18,33431.2911
SC9,2023-12-19,33510.11047
SC9,2023-12-20,33588.65812
SC9,2023-12-21,33667.07886
SC9,2023-12-22,33745.47137
SC9,2023-12-23,33823.90298
SC9,2023-12-24,33902.41966
SC9,2023-12-25,33981.05283
SC9,2023-12-26,34059.82402
SC9,2023-12-27,34138.74802
SC9,2023-12-28,34217.83505
SC9,2023-12-29,34297.09219
SC9,2023-12-30,34376.5244
SC10,2023-12-1,39307.62564
SC10,2023-12-2,39292.23102
SC10,2023-12-3,39154.46701
SC10,2023-12-4,39040.83762
SC10,2023-12-5,38922.95954
SC10,2023-12-6,38806.33015
SC10,2023-12-7,38689.88313
SC10,2023-12-8,38573.82378
SC10,2023-12-9,38458.11105
SC10,2023-12-10,38342.75159
SC10,2023-12-11,38227.74284
SC10,2023-12-12,38113.08402
SC10,2023-12-13,37998.77402
SC10,2023-12-14,37884.81178
SC10,2023-12-15,37771.19623
SC10,2023-12-16,37657.92634
SC10,2023-12-17,37545.00104
SC10,2023-12-18,37432.41928
SC10,2023-12-19,37320.18003
SC10,2023-12-20,37208.28224
SC10,2023-12-21,37096.72487
SC10,2023-12-22,36985.50688
SC10,2023-12-23,36874.62724
SC10,2023-12-24,36764.08493
SC10,2023-12-25,36653.87892
SC10,2023-12-26,36544.00818
SC10,2023-12-27,36434.47169
SC10,2023-12-28,36325.26845
SC10,2023-12-29,36216.39742
SC10,2023-12-30,36107.85761
SC14,2023-12-1,1693.709106
SC14,2023-12-2,1622.929884
SC14,2023-12-3,1571.405315
SC14,2023-12-4,1533.864847
SC14,2023-12-5,1506.48064
SC14,2023-12-6,1486.472652
SC14,2023-12-7,1471.821823
SC14,2023-12-8,1461.06177
SC14,2023-12-9,1453.127505
SC14,2023-12-10,1447.245561
SC14,2023-12-11,1442.854191
SC14,2023-12-12,1439.545415
SC14,2023-12-13,1437.022931
SC14,2023-12-14,1435.071543
SC14,2023-12-15,1433.534961
SC14,2023-12-16,1432.299677
SC14,2023-12-17,1431.283252
SC14,2023-12-18,1430.425814
SC14,2023-12-19,1429.68388
SC14,2023-12-20,1429.025869
SC14,2023-12-21,1428.428845
SC14,2023-12-22,1427.876152
SC14,2023-12-23,1427.355689
SC14,2023-12-24,1426.858672
SC14,2023-12-25,1426.378718
SC14,2023-12-26,1425.911194
SC14,2023-12-27,1425.452732
SC14,2023-12-28,1425.000889
SC14,2023-12-29,1424.55389
SC14,2023-12-30,1424.110444
SC15,2023-12-1,5588.357112
SC15,2023-12-2,5366.364319
SC15,2023-12-3,5245.456107
SC15,2023-12-4,5181.029919
SC15,2023-12-5,5148.165774
SC15,2023-12-6,5132.940586
SC15,2023-12-7,5127.575363
SC15,2023-12-8,5127.723899
SC15,2023-12-9,5130.95792
SC15,2023-12-10,5135.920731
SC15,2023-12-11,5141.854336
SC15,2023-12-12,5148.335241
SC15,2023-12-13,5155.126842
SC15,2023-12-14,5162.096955
SC15,2023-12-15,5169.171732
SC15,2023-12-16,5176.309923
SC15,2023-12-17,5183.488489
SC15,2023-12-18,5190.694563
SC15,2023-12-19,5197.920967
SC15,2023-12-20,5205.163696
SC15,2023-12-21,5212.42052
SC15,2023-12-22,5219.690203
SC15,2023-12-23,5226.97206
SC15,2023-12-24,5234.265717
SC15,2023-12-25,5241.570972
SC15,2023-12-26,5248.887721
SC15,2023-12-27,5256.215913
SC15,2023-12-28,5263.555527
SC15,2023-12-29,5270.906561
SC15,2023-12-30,5278.269018
SC16,2023-12-1,1935.5531
SC16,2023-12-2,1815.791468
SC16,2023-12-3,1717.852314
SC16,2023-12-4,1616.700252
SC16,2023-12-5,1524.494347
SC16,2023-12-6,1434.787759
SC16,2023-12-7,1350.467664
SC16,2023-12-8,1269.764086
SC16,2023-12-9,1193.254861
SC16,2023-12-10,1120.357276
SC16,2023-12-11,1051.084071
SC16,2023-12-12,985.1634566
SC16,2023-12-13,922.4790816
SC16,2023-12-14,862.8490966
SC16,2023-12-15,806.1361766
SC16,2023-12-16,752.1918616
SC16,2023-12-17,700.8838774
SC16,2023-12-18,652.0819393
SC16,2023-12-19,605.6643672
SC16,2023-12-20,561.5143033
SC16,2023-12-21,519.5211609
SC16,2023-12-22,479.5794742
SC16,2023-12-23,441.5890706
SC16,2023-12-24,405.4546007
SC16,2023-12-25,371.0854086
SC16,2023-12-26,338.3952494
SC16,2023-12-27,307.3021004
SC16,2023-12-28,277.7279416
SC16,2023-12-29,249.5985666
SC16,2023-12-30,222.8433932
SC17,2023-12-1,20134.50894
SC17,2023-12-2,20858.5065
SC17,2023-12-3,21292.33323
SC17,2023-12-4,21558.94866
SC17,2023-12-5,21729.22098
SC17,2023-12-6,21843.99533
SC17,2023-12-7,21926.81301
SC17,2023-12-8,21991.24216
SC17,2023-12-9,22045.10288
SC17,2023-12-10,22092.90237
SC17,2023-12-11,22137.23841
SC17,2023-12-12,22179.6083
SC17,2023-12-13,22220.87506
SC17,2023-12-14,22261.53617
SC17,2023-12-15,22301.87838
SC17,2023-12-16,22342.06702
SC17,2023-12-17,22382.19745
SC17,2023-12-18,22422.32467
SC17,2023-12-19,22462.48043
SC17,2023-12-20,22502.6831
SC17,2023-12-21,22542.9433
SC17,2023-12-22,22583.26723
SC17,2023-12-23,22623.6585
SC17,2023-12-24,22664.11925
SC17,2023-12-25,22704.65077
SC17,2023-12-26,22745.25386
SC17,2023-12-27,22785.92904
SC17,2023-12-28,22826.67664
SC17,2023-12-29,22867.49694
SC17,2023-12-30,22908.39014
SC18,2023-12-1,5265.762867
SC18,2023-12-2,5255.13727
SC18,2023-12-3,5245.893552
SC18,2023-12-4,5237.492094
SC18,2023-12-5,5229.605272
SC18,2023-12-6,5222.034166
SC18,2023-12-7,5214.658003
SC18,2023-12-8,5207.403453
SC18,2023-12-9,5200.22599
SC18,2023-12-10,5193.098577
SC18,2023-12-11,5186.004795
SC18,2023-12-12,5178.934671
SC18,2023-12-13,5171.882149
SC18,2023-12-14,5164.843544
SC18,2023-12-15,5157.816619
SC18,2023-12-16,5150.80001
SC18,2023-12-17,5143.792885
SC18,2023-12-18,5136.794735
SC18,2023-12-19,5129.805249
SC18,2023-12-20,5122.824232
SC18,2023-12-21,5115.851564
SC18,2023-12-22,5108.887166
SC18,2023-12-23,5101.930989
SC18,2023-12-24,5094.982997
SC18,2023-12-25,5088.043167
SC18,2023-12-26,5081.111478
SC18,2023-12-27,5074.187917
SC18,2023-12-28,5067.272469
SC18,2023-12-29,5060.365125
SC18,2023-12-30,5053.465872
SC19,2023-12-1,7021.066271
SC19,2023-12-2,7519.522934
SC19,2023-12-3,7866.378787
SC19,2023-12-4,8109.212637
SC19,2023-12-5,8280.673476
SC19,2023-12-6,8403.165328
SC19,2023-12-7,8492.062035
SC19,2023-12-8,8557.913272
SC19,2023-12-9,8607.958323
SC19,2023-12-10,8647.164861
SC19,2023-12-11,8678.941758
SC19,2023-12-12,8705.62822
SC19,2023-12-13,8728.829446
SC19,2023-12-14,8749.646948
SC19,2023-12-15,8768.836605
SC19,2023-12-16,8786.917122
SC19,2023-12-17,8804.24445
SC19,2023-12-18,8821.062859
SC19,2023-12-19,8837.539981
SC19,2023-12-20,8853.790861
SC19,2023-12-21,8869.894454
SC19,2023-12-22,8885.904956
SC19,2023-12-23,8901.859566
SC19,2023-12-24,8917.783825
SC19,2023-12-25,8933.695272
SC19,2023-12-26,8949.605956
SC19,2023-12-27,8965.524157
SC19,2023-12-28,8981.455571
SC19,2023-12-29,8997.404117
SC19,2023-12-30,9013.372501
SC21,2023-12-1,1585.845725
SC21,2023-12-2,1615.687255
SC21,2023-12-3,1634.523559
SC21,2023-12-4,1646.1003
SC21,2023-12-5,1652.888618
SC21,2023-12-6,1656.518807
SC21,2023-12-7,1658.066424
SC21,2023-12-8,1658.241051
SC21,2023-12-9,1657.510822
SC21,2023-12-10,1656.184579
SC21,2023-12-11,1654.466075
SC21,2023-12-12,1652.489731
SC21,2023-12-13,1650.344229
SC21,2023-12-14,1648.088073
SC21,2023-12-15,1645.759861
SC21,2023-12-16,1643.385054
SC21,2023-12-17,1640.980451
SC21,2023-12-18,1638.557131
SC21,2023-12-19,1636.122405
SC21,2023-12-20,1633.681093
SC21,2023-12-21,1631.236374
SC21,2023-12-22,1628.790347
SC21,2023-12-23,1626.344391
SC21,2023-12-24,1623.89942
SC21,2023-12-25,1621.456032
SC21,2023-12-26,1619.014621
SC21,2023-12-27,1616.575448
SC21,2023-12-28,1614.138683
SC21,2023-12-29,1611.704436
SC21,2023-12-30,1609.272779
SC22,2023-12-1,9333.197049
SC22,2023-12-2,9778.794669
SC22,2023-12-3,10111.06424
SC22,2023-12-4,10364.20923
SC22,2023-12-5,10562.14768
SC22,2023-12-6,10721.60539
SC22,2023-12-7,10854.27885
SC22,2023-12-8,10968.34775
SC22,2023-12-9,11069.53263
SC22,2023-12-10,11161.83437
SC22,2023-12-11,11248.05143
SC22,2023-12-12,11330.14139
SC22,2023-12-13,11409.4739
SC22,2023-12-14,11487.00746
SC22,2023-12-15,11563.41307
SC22,2023-12-16,11639.1607
SC22,2023-12-17,11714.57978
SC22,2023-12-18,11789.90141
SC22,2023-12-19,11865.288
SC22,2023-12-20,11940.85389
SC22,2023-12-21,12016.67981
SC22,2023-12-22,12092.82303
SC22,2023-12-23,12169.32438
SC22,2023-12-24,12246.21321
SC22,2023-12-25,12323.51086
SC22,2023-12-26,12401.23307
SC22,2023-12-27,12479.39166
SC22,2023-12-28,12557.9957
SC22,2023-12-29,12637.05238
SC22,2023-12-30,12716.56756
SC23,2023-12-1,3313.285997
SC23,2023-12-2,3367.452253
SC23,2023-12-3,3409.435547
SC23,2023-12-4,3443.839142
SC23,2023-12-5,3473.543611
SC23,2023-12-6,3500.351616
SC23,2023-12-7,3525.391345
SC23,2023-12-8,3549.368963
SC23,2023-12-9,3572.726567
SC23,2023-12-10,3595.741025
SC23,2023-12-11,3618.585817
SC23,2023-12-12,3641.369734
SC23,2023-12-13,3664.161092
SC23,2023-12-14,3687.002882
SC23,2023-12-15,3709.922248
SC23,2023-12-16,3732.936424
SC23,2023-12-17,3756.05644
SC23,2023-12-18,3779.289446
SC23,2023-12-19,3802.640169
SC23,2023-12-20,3826.111819
SC23,2023-12-21,3849.706655
SC23,2023-12-22,3873.426349
SC23,2023-12-23,3897.272201
SC23,2023-12-24,3921.245283
SC23,2023-12-25,3945.346526
SC23,2023-12-26,3969.57677
SC23,2023-12-27,3993.936804
SC23,2023-12-28,4018.427386
SC23,2023-12-29,4043.049253
SC23,2023-12-30,4067.803132
SC24,2023-12-1,4908.626577
SC24,2023-12-2,5074.072121
SC24,2023-12-3,5153.697207
SC24,2023-12-4,5190.977808
SC24,2023-12-5,5207.365979
SC24,2023-12-6,5213.446663
SC24,2023-12-7,5214.442715
SC24,2023-12-8,5212.931212
SC24,2023-12-9,5210.183743
SC24,2023-12-10,5206.827738
SC24,2023-12-11,5203.172786
SC24,2023-12-12,5199.371644
SC24,2023-12-13,5195.499685
SC24,2023-12-14,5191.594099
SC24,2023-12-15,5187.673234
SC24,2023-12-16,5183.746145
SC24,2023-12-17,5179.817298
SC24,2023-12-18,5175.888895
SC24,2023-12-19,5171.962023
SC24,2023-12-20,5168.037216
SC24,2023-12-21,5164.114738
SC24,2023-12-22,5160.194718
SC24,2023-12-23,5156.277218
SC24,2023-12-24,5152.362269
SC24,2023-12-25,5148.449884
SC24,2023-12-26,5144.54007
SC24,2023-12-27,5140.632829
SC24,2023-12-28,5136.728161
SC24,2023-12-29,5132.826064
SC24,2023-12-30,5128.926539
SC25,2023-12-1,48036.99276
SC25,2023-12-2,48756.71481
SC25,2023-12-3,49307.83105
SC25,2023-12-4,49737.96003
SC25,2023-12-5,50081.29571
SC25,2023-12-6,50362.39221
SC25,2023-12-7,50598.88146
SC25,2023-12-8,50803.42478
SC25,2023-12-9,50985.11416
SC25,2023-12-10,51150.47856
SC25,2023-12-11,51304.2065
SC25,2023-12-12,51449.66488
SC25,2023-12-13,51589.27164
SC25,2023-12-14,51724.76324
SC25,2023-12-15,51857.38681
SC25,2023-12-16,51988.0381
SC25,2023-12-17,52117.36054
SC25,2023-12-18,52245.81639
SC25,2023-12-19,52373.73778
SC25,2023-12-20,52501.36345
SC25,2023-12-21,52628.86504
SC25,2023-12-22,52756.366
SC25,2023-12-23,52883.95523
SC25,2023-12-24,53011.69675
SC25,2023-12-25,53139.63678
SC25,2023-12-26,53267.80871
SC25,2023-12-27,53396.23674
SC25,2023-12-28,53524.93848
SC25,2023-12-29,53653.92679
SC25,2023-12-30,53783.21113
SC26,2023-12-1,4205.20668
SC26,2023-12-2,4154.731063
SC26,2023-12-3,4135.860966
SC26,2023-12-4,4126.699441
SC26,2023-12-5,4120.52286
SC26,2023-12-6,4115.266679
SC26,2023-12-7,4110.296958
SC26,2023-12-8,4105.419037
SC26,2023-12-9,4100.573141
SC26,2023-12-10,4095.74091
SC26,2023-12-11,4090.916703
SC26,2023-12-12,4086.098782
SC26,2023-12-13,4081.286611
SC26,2023-12-14,4076.480019
SC26,2023-12-15,4071.678951
SC26,2023-12-16,4066.883385
SC26,2023-12-17,4062.093309
SC26,2023-12-18,4057.308716
SC26,2023-12-19,4052.529599
SC26,2023-12-20,4047.755952
SC26,2023-12-21,4042.987768
SC26,2023-12-22,4038.225041
SC26,2023-12-23,4033.467766
SC26,2023-12-24,4028.715935
SC26,2023-12-25,4023.969543
SC26,2023-12-26,4019.228583
SC26,2023-12-27,4014.493049
SC26,2023-12-28,4009.762935
SC26,2023-12-29,4005.038235
SC26,2023-12-30,4000.318942
SC27,2023-12-1,3557.553346
SC27,2023-12-2,3533.833743
SC27,2023-12-3,3517.838159
SC27,2023-12-4,3505.943086
SC27,2023-12-5,3496.227932
SC27,2023-12-6,3487.674709
SC27,2023-12-7,3479.743839
SC27,2023-12-8,3472.149313
SC27,2023-12-9,3464.739527
SC27,2023-12-10,3457.434113
SC27,2023-12-11,3450.19046
SC27,2023-12-12,3442.985971
SC27,2023-12-13,3435.808657
SC27,2023-12-14,3428.652151
SC27,2023-12-15,3421.513065
SC27,2023-12-16,3414.389594
SC27,2023-12-17,3407.280766
SC27,2023-12-18,3400.186055
SC27,2023-12-19,3393.10517
SC27,2023-12-20,3386.037944
SC27,2023-12-21,3378.984278
SC27,2023-12-22,3371.944106
SC27,2023-12-23,3364.917382
SC27,2023-12-24,3357.904069
SC27,2023-12-25,3350.904135
SC27,2023-12-26,3343.917552
SC27,2023-12-27,3336.944292
SC27,2023-12-28,3329.98433
SC27,2023-12-29,3323.03764
SC27,2023-12-30,3316.104196
SC28,2023-12-1,540.7299104
SC28,2023-12-2,505.6873661
SC28,2023-12-3,468.5624933
SC28,2023-12-4,432.1119887
SC28,2023-12-5,396.899372
SC28,2023-12-6,363.006789
SC28,2023-12-7,330.411978
SC28,2023-12-8,299.0712356
SC28,2023-12-9,268.9376313
SC28,2023-12-10,239.9649605
SC28,2023-12-11,212.108561
SC28,2023-12-12,185.3254387
SC28,2023-12-13,159.5742444
SC28,2023-12-14,134.8152196
SC28,2023-12-15,111.0101371
SC28,2023-12-16,88.12224239
SC28,2023-12-17,66.11619719
SC28,2023-12-18,44.95802459
SC28,2023-12-19,24.61505679
SC28,2023-12-20,5.055884792
SC28,2023-12-21,-13.74969041
SC28,2023-12-22,-31.83070421
SC28,2023-12-23,-49.21507321
SC28,2023-12-24,-65.92963851
SC28,2023-12-25,-82.00020711
SC28,2023-12-26,-97.45159151
SC28,2023-12-27,-112.3076484
SC28,2023-12-28,-126.591315
SC28,2023-12-29,-140.3246453
SC28,2023-12-30,-153.5288429
SC29,2023-12-1,6490.644055
SC29,2023-12-2,6538.469959
SC29,2023-12-3,6562.575369
SC29,2023-12-4,6575.566602
SC29,2023-12-5,6583.350733
SC29,2023-12-6,6588.6957
SC29,2023-12-7,6592.898507
SC29,2023-12-8,6596.566903
SC29,2023-12-9,6599.985668
SC29,2023-12-10,6603.288246
SC29,2023-12-11,6606.537166
SC29,2023-12-12,6609.761727
SC29,2023-12-13,6612.975659
SC29,2023-12-14,6616.185397
SC29,2023-12-15,6619.393956
SC29,2023-12-16,6622.602748
SC29,2023-12-17,6625.812437
SC29,2023-12-18,6629.023333
SC29,2023-12-19,6632.235583
SC29,2023-12-20,6635.449254
SC29,2023-12-21,6638.66438
SC29,2023-12-22,6641.880976
SC29,2023-12-23,6645.09905
SC29,2023-12-24,6648.318606
SC29,2023-12-25,6651.539646
SC29,2023-12-26,6654.762172
SC29,2023-12-27,6657.986184
SC29,2023-12-28,6661.211683
SC29,2023-12-29,6664.438671
SC29,2023-12-30,6667.667148
SC30,2023-12-1,3243.488436
SC30,2023-12-2,3286.947521
SC30,2023-12-3,3303.020617
SC30,2023-12-4,3307.349069
SC30,2023-12-5,3306.642441
SC30,2023-12-6,3303.778886
SC30,2023-12-7,3299.993025
SC30,2023-12-8,3295.814463
SC30,2023-12-9,3291.470376
SC30,2023-12-10,3287.058212
SC30,2023-12-11,3282.619769
SC30,2023-12-12,3278.172974
SC30,2023-12-13,3273.725512
SC30,2023-12-14,3269.280678
SC30,2023-12-15,3264.839882
SC30,2023-12-16,3260.403724
SC30,2023-12-17,3255.97246
SC30,2023-12-18,3251.546195
SC30,2023-12-19,3247.124971
SC30,2023-12-20,3242.708803
SC30,2023-12-21,3238.297695
SC30,2023-12-22,3233.891643
SC30,2023-12-23,3229.490644
SC30,2023-12-24,3225.094693
SC30,2023-12-25,3220.703785
SC30,2023-12-26,3216.317913
SC30,2023-12-27,3211.937071
SC30,2023-12-28,3207.561255
SC30,2023-12-29,3203.190459
SC30,2023-12-30,3198.824676
SC31,2023-12-1,12259.66817
SC31,2023-12-2,12568.4643
SC31,2023-12-3,12795.40572
SC31,2023-12-4,12964.77871
SC31,2023-12-5,13093.67101
SC31,2023-12-6,13194.10556
SC31,2023-12-7,13274.54168
SC31,2023-12-8,13340.93138
SC31,2023-12-9,13397.46251
SC31,2023-12-10,13447.0817
SC31,2023-12-11,13491.86224
SC31,2023-12-12,13533.26293
SC31,2023-12-13,13572.31026
SC31,2023-12-14,13609.7265
SC31,2023-12-15,13646.01993
SC31,2023-12-16,13681.54821
SC31,2023-12-17,13716.56305
SC31,2023-12-18,13751.24162
SC31,2023-12-19,13785.70865
SC31,2023-12-20,13820.05194
SC31,2023-12-21,13854.33335
SC31,2023-12-22,13888.59644
SC31,2023-12-23,13922.87195
SC31,2023-12-24,13957.18156
SC31,2023-12-25,13991.54058
SC31,2023-12-26,14025.95985
SC31,2023-12-27,14060.44707
SC31,2023-12-28,14095.00771
SC31,2023-12-29,14129.64568
SC31,2023-12-30,14164.36381
SC34,2023-12-1,8929.186065
SC34,2023-12-2,8852.292957
SC34,2023-12-3,8817.188381
SC34,2023-12-4,8801.064272
SC34,2023-12-5,8793.561145
SC34,2023-12-6,8789.973698
SC34,2023-12-7,8788.164768
SC34,2023-12-8,8787.163652
SC34,2023-12-9,8786.529454
SC34,2023-12-10,8786.061917
SC34,2023-12-11,8785.670084
SC34,2023-12-12,8785.312643
SC34,2023-12-13,8784.970829
SC34,2023-12-14,8784.636119
SC34,2023-12-15,8784.304643
SC34,2023-12-16,8783.974641
SC34,2023-12-17,8783.645316
SC34,2023-12-18,8783.316304
SC34,2023-12-19,8782.987441
SC34,2023-12-20,8782.658653
SC34,2023-12-21,8782.329904
SC34,2023-12-22,8782.001179
SC34,2023-12-23,8781.672473
SC34,2023-12-24,8781.34378
SC34,2023-12-25,8781.015101
SC34,2023-12-26,8780.686434
SC34,2023-12-27,8780.357779
SC34,2023-12-28,8780.029136
SC34,2023-12-29,8779.700504
SC34,2023-12-30,8779.371884
SC35,2023-12-1,29287.48268
SC35,2023-12-2,29312.06563
SC35,2023-12-3,29163.93253
SC35,2023-12-4,29091.75381
SC35,2023-12-5,28986.81569
SC35,2023-12-6,28896.64359
SC35,2023-12-7,28800.45917
SC35,2023-12-8,28707.34474
SC35,2023-12-9,28613.32831
SC35,2023-12-10,28520.14489
SC35,2023-12-11,28427.03457
SC35,2023-12-12,28334.32813
SC35,2023-12-13,28241.87954
SC35,2023-12-14,28149.75123
SC35,2023-12-15,28057.91449
SC35,2023-12-16,27966.38047
SC35,2023-12-17,27875.1429
SC35,2023-12-18,27784.20312
SC35,2023-12-19,27693.55915
SC35,2023-12-20,27603.21048
SC35,2023-12-21,27513.15593
SC35,2023-12-22,27423.39465
SC35,2023-12-23,27333.92565
SC35,2023-12-24,27244.74797
SC35,2023-12-25,27155.86068
SC35,2023-12-26,27067.26282
SC35,2023-12-27,26978.95346
SC35,2023-12-28,26890.93165
SC35,2023-12-29,26803.19646
SC35,2023-12-30,26715.74695
SC38,2023-12-1,3627.049712
SC38,2023-12-2,3622.435713
SC38,2023-12-3,3619.29592
SC38,2023-12-4,3616.807847
SC38,2023-12-5,3614.608201
SC38,2023-12-6,3612.536514
SC38,2023-12-7,3610.521906
SC38,2023-12-8,3608.53307
SC38,2023-12-9,3606.556178
SC38,2023-12-10,3604.585119
SC38,2023-12-11,3602.617197
SC38,2023-12-12,3600.651218
SC38,2023-12-13,3598.686656
SC38,2023-12-14,3596.723278
SC38,2023-12-15,3594.76098
SC38,2023-12-16,3592.799718
SC38,2023-12-17,3590.839469
SC38,2023-12-18,3588.880225
SC38,2023-12-19,3586.921982
SC38,2023-12-20,3584.964737
SC38,2023-12-21,3583.008489
SC38,2023-12-22,3581.053237
SC38,2023-12-23,3579.098981
SC38,2023-12-24,3577.145719
SC38,2023-12-25,3575.193451
SC38,2023-12-26,3573.242178
SC38,2023-12-27,3571.291898
SC38,2023-12-28,3569.34261
SC38,2023-12-29,3567.394315
SC38,2023-12-30,3565.447011
SC39,2023-12-1,2485.223533
SC39,2023-12-2,2599.012418
SC39,2023-12-3,2666.067354
SC39,2023-12-4,2705.96935
SC39,2023-12-5,2730.095495
SC39,2023-12-6,2745.056185
SC39,2023-12-7,2754.692236
SC39,2023-12-8,2761.235266
SC39,2023-12-9,2765.981904
SC39,2023-12-10,2769.685529
SC39,2023-12-11,2772.783874
SC39,2023-12-12,2775.531273
SC39,2023-12-13,2778.075502
SC39,2023-12-14,2780.502425
SC39,2023-12-15,2782.86193
SC39,2023-12-16,2785.183005
SC39,2023-12-17,2787.482492
SC39,2023-12-18,2789.770178
SC39,2023-12-19,2792.051751
SC39,2023-12-20,2794.330515
SC39,2023-12-21,2796.608391
SC39,2023-12-22,2798.886496
SC39,2023-12-23,2801.165479
SC39,2023-12-24,2803.445717
SC39,2023-12-25,2805.727432
SC39,2023-12-26,2808.010751
SC39,2023-12-27,2810.29575
SC39,2023-12-28,2812.582473
SC39,2023-12-29,2814.870947
SC39,2023-12-30,2817.161187
SC40,2023-12-1,3147.758495
SC40,2023-12-2,3116.043613
SC40,2023-12-3,3099.738492
SC40,2023-12-4,3090.96565
SC40,2023-12-5,3085.874789
SC40,2023-12-6,3082.583989
SC40,2023-12-7,3080.173418
SC40,2023-12-8,3078.193488
SC40,2023-12-9,3076.424451
SC40,2023-12-10,3074.758902
SC40,2023-12-11,3073.144343
SC40,2023-12-12,3071.555114
SC40,2023-12-13,3069.978674
SC40,2023-12-14,3068.408892
SC40,2023-12-15,3066.842771
SC40,2023-12-16,3065.278847
SC40,2023-12-17,3063.716403
SC40,2023-12-18,3062.155089
SC40,2023-12-19,3060.594735
SC40,2023-12-20,3059.035255
SC40,2023-12-21,3057.476609
SC40,2023-12-22,3055.918776
SC40,2023-12-23,3054.361746
SC40,2023-12-24,3052.805514
SC40,2023-12-25,3051.250077
SC40,2023-12-26,3049.695434
SC40,2023-12-27,3048.141583
SC40,2023-12-28,3046.588525
SC40,2023-12-29,3045.036257
SC40,2023-12-30,3043.484781
SC44,2023-12-1,18348.0248
SC44,2023-12-2,19088.67519
SC44,2023-12-3,19550.67837
SC44,2023-12-4,19846.92324
SC44,2023-12-5,20044.58661
SC44,2023-12-6,20183.64339
SC44,2023-12-7,20287.88157
SC44,2023-12-8,20371.45677
SC44,2023-12-9,20442.79271
SC44,2023-12-10,20506.90222
SC44,2023-12-11,20566.76843
SC44,2023-12-12,20624.16666
SC44,2023-12-13,20680.1535
SC44,2023-12-14,20735.35783
SC44,2023-12-15,20790.15403
SC44,2023-12-16,20844.76506
SC44,2023-12-17,20899.32371
SC44,2023-12-18,20953.90918
SC44,2023-12-19,21008.56873
SC44,2023-12-20,21063.33065
SC44,2023-12-21,21118.21192
SC44,2023-12-22,21173.2228
SC44,2023-12-23,21228.36956
SC44,2023-12-24,21283.65607
SC44,2023-12-25,21339.08479
SC44,2023-12-26,21394.65735
SC44,2023-12-27,21450.37487
SC44,2023-12-28,21506.23816
SC44,2023-12-29,21562.24788
SC44,2023-12-30,21618.40456
SC46,2023-12-1,2811.921852
SC46,2023-12-2,2602.486728
SC46,2023-12-3,2429.5251
SC46,2023-12-4,2276.566841
SC46,2023-12-5,2136.676677
SC46,2023-12-6,2006.766591
SC46,2023-12-7,1885.311374
SC46,2023-12-8,1771.430423
SC46,2023-12-9,1664.518098
SC46,2023-12-10,1564.094347
SC46,2023-12-11,1469.743826
SC46,2023-12-12,1381.090597
SC46,2023-12-13,1297.787158
SC46,2023-12-14,1219.50928
SC46,2023-12-15,1145.95322
SC46,2023-12-16,1076.833925
SC46,2023-12-17,1011.88369
SC46,2023-12-18,950.8510123
SC46,2023-12-19,893.4995854
SC46,2023-12-20,839.6073649
SC46,2023-12-21,788.9657031
SC46,2023-12-22,741.3785386
SC46,2023-12-23,696.6616363
SC46,2023-12-24,654.6418736
SC46,2023-12-25,615.1565701
SC46,2023-12-26,578.0528577
SC46,2023-12-27,543.1870884
SC46,2023-12-28,510.4242789
SC46,2023-12-29,479.6375871
SC46,2023-12-30,450.707822
SC47,2023-12-1,48787.01891
SC47,2023-12-2,49917.62963
SC47,2023-12-3,50615.05456
SC47,2023-12-4,51052.4561
SC47,2023-12-5,51333.78363
SC47,2023-12-6,51521.43797
SC47,2023-12-7,51652.87831
SC47,2023-12-8,51750.59143
SC47,2023-12-9,51828.07614
SC47,2023-12-10,51893.43581
SC47,2023-12-11,51951.53489
SC47,2023-12-12,52005.29353
SC47,2023-12-13,52056.46473
SC47,2023-12-14,52106.1008
SC47,2023-12-15,52154.83349
SC47,2023-12-16,52203.04204
SC47,2023-12-17,52250.95413
SC47,2023-12-18,52298.70645
SC47,2023-12-19,52346.38107
SC47,2023-12-20,52394.0273
SC47,2023-12-21,52441.67472
SC47,2023-12-22,52489.34112
SC47,2023-12-23,52537.03721
SC47,2023-12-24,52584.76942
SC47,2023-12-25,52632.54164
SC47,2023-12-26,52680.3562
SC47,2023-12-27,52728.21455
SC47,2023-12-28,52776.11755
SC47,2023-12-29,52824.06574
SC47,2023-12-30,52872.05948
SC49,2023-12-1,6602.636136
SC49,2023-12-2,6736.16546
SC49,2023-12-3,6845.31606
SC49,2023-12-4,6934.726346
SC49,2023-12-5,7008.152349
SC49,2023-12-6,7068.635575
SC49,2023-12-7,7118.638931
SC49,2023-12-8,7160.156801
SC49,2023-12-9,7194.804166
SC49,2023-12-10,7223.888785
SC49,2023-12-11,7248.469638
SC49,2023-12-12,7269.404252
SC49,2023-12-13,7287.387023
SC49,2023-12-14,7302.980249
SC49,2023-12-15,7316.639264
SC49,2023-12-16,7328.732778
SC49,2023-12-17,7339.559364
SC49,2023-12-18,7349.360795
SC49,2023-12-19,7358.332852
SC49,2023-12-20,7366.634073
SC49,2023-12-21,7374.392835
SC49,2023-12-22,7381.713096
SC49,2023-12-23,7388.679038
SC49,2023-12-24,7395.358828
SC49,2023-12-25,7401.807668
SC49,2023-12-26,7408.070256
SC49,2023-12-27,7414.182792
SC49,2023-12-28,7420.174586
SC49,2023-12-29,7426.069374
SC49,2023-12-30,7431.886379
SC51,2023-12-1,11565.55244
SC51,2023-12-2,11449.17769
SC51,2023-12-3,11316.64219
SC51,2023-12-4,11192.34837
SC51,2023-12-5,11066.93207
SC51,2023-12-6,10943.95393
SC51,2023-12-7,10822.02776
SC51,2023-12-8,10701.66109
SC51,2023-12-9,10582.63688
SC51,2023-12-10,10465.01568
SC51,2023-12-11,10348.75206
SC51,2023-12-12,10233.84141
SC51,2023-12-13,10120.26375
SC51,2023-12-14,10008.00524
SC51,2023-12-15,9897.049946
SC51,2023-12-16,9787.382966
SC51,2023-12-17,9678.989253
SC51,2023-12-18,9571.854061
SC51,2023-12-19,9465.962762
SC51,2023-12-20,9361.30092
SC51,2023-12-21,9257.854258
SC51,2023-12-22,9155.608669
SC51,2023-12-23,9054.550206
SC51,2023-12-24,8954.665087
SC51,2023-12-25,8855.939689
SC51,2023-12-26,8758.360546
SC51,2023-12-27,8661.914349
SC51,2023-12-28,8566.587946
SC51,2023-12-29,8472.368334
SC51,2023-12-30,8379.242663
SC53,2023-12-1,32477.1294
SC53,2023-12-2,32389.49054
SC53,2023-12-3,32311.69782
SC53,2023-12-4,32234.81817
SC53,2023-12-5,32158.17618
SC53,2023-12-6,32081.72042
SC53,2023-12-7,32005.4466
SC53,2023-12-8,31929.35401
SC53,2023-12-9,31853.44218
SC53,2023-12-10,31777.7107
SC53,2023-12-11,31702.15912
SC53,2023-12-12,31626.78702
SC53,2023-12-13,31551.59398
SC53,2023-12-14,31476.57957
SC53,2023-12-15,31401.74336
SC53,2023-12-16,31327.08494
SC53,2023-12-17,31252.60388
SC53,2023-12-18,31178.29975
SC53,2023-12-19,31104.17215
SC53,2023-12-20,31030.22064
SC53,2023-12-21,30956.44482
SC53,2023-12-22,30882.84425
SC53,2023-12-23,30809.41854
SC53,2023-12-24,30736.16725
SC53,2023-12-25,30663.08999
SC53,2023-12-26,30590.18633
SC53,2023-12-27,30517.45585
SC53,2023-12-28,30444.89816
SC53,2023-12-29,30372.51284
SC53,2023-12-30,30300.29948
SC54,2023-12-1,8428.588045
SC54,2023-12-2,8477.446163
SC54,2023-12-3,8497.37188
SC54,2023-12-4,8501.390392
SC54,2023-12-5,8496.668466
SC54,2023-12-6,8487.149419
SC54,2023-12-7,8475.00294
SC54,2023-12-8,8461.422827
SC54,2023-12-9,8447.065915
SC54,2023-12-10,8432.29359
SC54,2023-12-11,8417.304677
SC54,2023-12-12,8402.208551
SC54,2023-12-13,8387.065374
SC54,2023-12-14,8371.908227
SC54,2023-12-15,8356.75529
SC54,2023-12-16,8341.616548
SC54,2023-12-17,8326.497473
SC54,2023-12-18,8311.401054
SC54,2023-12-19,8296.328916
SC54,2023-12-20,8281.281933
SC54,2023-12-21,8266.260565
SC54,2023-12-22,8251.265045
SC54,2023-12-23,8236.295479
SC54,2023-12-24,8221.351906
SC54,2023-12-25,8206.434328
SC54,2023-12-26,8191.542724
SC54,2023-12-27,8176.677064
SC54,2023-12-28,8161.837309
SC54,2023-12-29,8147.023419
SC54,2023-12-30,8132.235351
SC57,2023-12-1,9095.896827
SC57,2023-12-2,9002.478865
SC57,2023-12-3,8897.738084
SC57,2023-12-4,8799.318664
SC57,2023-12-5,8700.01835
SC57,2023-12-6,8602.748378
SC57,2023-12-7,8506.303733
SC57,2023-12-8,8411.155077
SC57,2023-12-9,8317.091259
SC57,2023-12-10,8224.178882
SC57,2023-12-11,8132.371727
SC57,2023-12-12,8041.669726
SC57,2023-12-13,7952.054252
SC57,2023-12-14,7863.514456
SC57,2023-12-15,7776.036544
SC57,2023-12-16,7689.608141
SC57,2023-12-17,7604.216508
SC57,2023-12-18,7519.849269
SC57,2023-12-19,7436.49411
SC57,2023-12-20,7354.1389
SC57,2023-12-21,7272.771639
SC57,2023-12-22,7192.380477
SC57,2023-12-23,7112.953704
SC57,2023-12-24,7034.479752
SC57,2023-12-25,6956.947189
SC57,2023-12-26,6880.344724
SC57,2023-12-27,6804.661198
SC57,2023-12-28,6729.885587
SC57,2023-12-29,6656.007
SC57,2023-12-30,6583.014676
SC58,2023-12-1,505.7194702
SC58,2023-12-2,501.3236217
SC58,2023-12-3,499.5629013
SC58,2023-12-4,498.8210641
SC58,2023-12-5,498.4731871
SC58,2023-12-6,498.2776429
SC58,2023-12-7,498.1410058
SC58,2023-12-8,498.0271529
SC58,2023-12-9,497.9221169
SC58,2023-12-10,497.8204976
SC58,2023-12-11,497.7202069
SC58,2023-12-12,497.6204374
SC58,2023-12-13,497.520877
SC58,2023-12-14,497.4214049
SC58,2023-12-15,497.3219745
SC58,2023-12-16,497.2225678
SC58,2023-12-17,497.1231777
SC58,2023-12-18,497.0238016
SC58,2023-12-19,496.9244384
SC58,2023-12-20,496.8250878
SC58,2023-12-21,496.7257495
SC58,2023-12-22,496.6264235
SC58,2023-12-23,496.5271097
SC58,2023-12-24,496.4278083
SC58,2023-12-25,496.3285191
SC58,2023-12-26,496.2292421
SC58,2023-12-27,496.1299774
SC58,2023-12-28,496.0307249
SC58,2023-12-29,495.9314847
SC58,2023-12-30,495.8322568
SC60,2023-12-1,61765.89545
SC60,2023-12-2,61573.22427
SC60,2023-12-3,61384.70523
SC60,2023-12-4,61196.32904
SC60,2023-12-5,61008.58937
SC60,2023-12-6,60821.42316
SC60,2023-12-7,60634.8362
SC60,2023-12-8,60448.82575
SC60,2023-12-9,60263.39015
SC60,2023-12-10,60078.52762
SC60,2023-12-11,59894.23637
SC60,2023-12-12,59710.51466
SC60,2023-12-13,59527.36071
SC60,2023-12-14,59344.77277
SC60,2023-12-15,59162.74909
SC60,2023-12-16,58981.28794
SC60,2023-12-17,58800.38756
SC60,2023-12-18,58620.04623
SC60,2023-12-19,58440.26222
SC60,2023-12-20,58261.03381
SC60,2023-12-21,58082.35928
SC60,2023-12-22,57904.23691
SC60,2023-12-23,57726.66501
SC60,2023-12-24,57549.64187
SC60,2023-12-25,57373.1658
SC60,2023-12-26,57197.2351
SC60,2023-12-27,57021.84809
SC60,2023-12-28,56847.00309
SC60,2023-12-29,56672.69842
SC60,2023-12-30,56498.93242
SC61,2023-12-1,400.5179627
SC61,2023-12-2,364.5505482
SC61,2023-12-3,333.7901173
SC61,2023-12-4,304.134447
SC61,2023-12-5,276.1207031
SC61,2023-12-6,249.5698235
SC61,2023-12-7,224.4191675
SC61,2023-12-8,200.5927538
SC61,2023-12-9,178.0211901
SC61,2023-12-10,156.6383364
SC61,2023-12-11,136.3815986
SC61,2023-12-12,117.191669
SC61,2023-12-13,99.0123651
SC61,2023-12-14,81.7904629
SC61,2023-12-15,65.4755415
SC61,2023-12-16,50.0198352
SC61,2023-12-17,35.378094
SC61,2023-12-18,21.507451
SC61,2023-12-19,8.3672968
SC61,2023-12-20,-4.0808395
SC61,2023-12-21,-15.8734023
SC61,2023-12-22,-27.0449173
SC61,2023-12-23,-37.6280913
SC61,2023-12-24,-47.6539091
SC61,2023-12-25,-57.1517235
SC61,2023-12-26,-66.1493414
SC61,2023-12-27,-74.6731053
SC61,2023-12-28,-82.7479706
SC61,2023-12-29,-90.3975781
SC61,2023-12-30,-97.6443238
SC66,2023-12-1,596.6910238
SC66,2023-12-2,591.9702321
SC66,2023-12-3,590.0108554
SC66,2023-12-4,588.6921334
SC66,2023-12-5,587.5230632
SC66,2023-12-6,586.389965
SC66,2023-12-7,585.2665178
SC66,2023-12-8,584.1466253
SC66,2023-12-9,583.0288744
SC66,2023-12-10,581.9129358
SC66,2023-12-11,580.7987311
SC66,2023-12-12,579.6862404
SC66,2023-12-13,578.5754568
SC66,2023-12-14,577.4663769
SC66,2023-12-15,576.3589978
SC66,2023-12-16,575.2533169
SC66,2023-12-17,574.1493315
SC66,2023-12-18,573.0470391
SC66,2023-12-19,571.946437
SC66,2023-12-20,570.8475226
SC66,2023-12-21,569.7502935
SC66,2023-12-22,568.6547469
SC66,2023-12-23,567.5608803
SC66,2023-12-24,566.4686912
SC66,2023-12-25,565.3781769
SC66,2023-12-26,564.2893349
SC66,2023-12-27,563.2021626
SC66,2023-12-28,562.1166574
SC66,2023-12-29,561.0328169
SC66,2023-12-30,559.9506384
SC68,2023-12-1,1261.974086
SC68,2023-12-2,1279.80252
SC68,2023-12-3,1290.57096
SC68,2023-12-4,1297.642877
SC68,2023-12-5,1302.780688
SC68,2023-12-6,1306.907884
SC68,2023-12-7,1310.508368
SC68,2023-12-8,1313.835701
SC68,2023-12-9,1317.022755
SC68,2023-12-10,1320.139155
SC68,2023-12-11,1323.221393
SC68,2023-12-12,1326.288594
SC68,2023-12-13,1329.350784
SC68,2023-12-14,1332.413224
SC68,2023-12-15,1335.478676
SC68,2023-12-16,1338.548592
SC68,2023-12-17,1341.623739
SC68,2023-12-18,1344.704525
SC68,2023-12-19,1347.791169
SC68,2023-12-20,1350.883791
SC68,2023-12-21,1353.982462
SC68,2023-12-22,1357.087222
SC68,2023-12-23,1360.198099
SC68,2023-12-24,1363.315115
SC68,2023-12-25,1366.438284
SC68,2023-12-26,1369.567621
SC68,2023-12-27,1372.703141
SC68,2023-12-28,1375.844855
SC68,2023-12-29,1378.992777
SC68,2023-12-30,1382.146918
SC12,2023-12-1,-64362000697
SC12,2023-12-2,2.13E+11
SC12,2023-12-3,4.4E+11
SC12,2023-12-4,9.99E+11
SC12,2023-12-5,1.52E+12
SC12,2023-12-6,2.37E+12
SC12,2023-12-7,3.19E+12
SC12,2023-12-8,4.33E+12
SC12,2023-12-9,5.45E+12
SC12,2023-12-10,6.89E+12
SC12,2023-12-11,8.32E+12
SC12,2023-12-12,1.01E+13
SC12,2023-12-13,1.18E+13
SC12,2023-12-14,1.38E+13
SC12,2023-12-15,1.59E+13
SC12,2023-12-16,1.82E+13
SC12,2023-12-17,2.06E+13
SC12,2023-12-18,2.33E+13
SC12,2023-12-19,2.6E+13
SC12,2023-12-20,2.9E+13
SC12,2023-12-21,3.2E+13
SC12,2023-12-22,3.53E+13
SC12,2023-12-23,3.87E+13
SC12,2023-12-24,4.23E+13
SC12,2023-12-25,4.6E+13
SC12,2023-12-26,5E+13
SC12,2023-12-27,5.4E+13
SC12,2023-12-28,5.83E+13
SC12,2023-12-29,6.27E+13
SC12,2023-12-30,6.74E+13
SC20,2023-12-1,-66210800140
SC20,2023-12-2,-69724929170
SC20,2023-12-3,-1.31E+11
SC20,2023-12-4,-1.38E+11
SC20,2023-12-5,-1.95E+11
SC20,2023-12-6,-2.05E+11
SC20,2023-12-7,-2.58E+11
SC20,2023-12-8,-2.7E+11
SC20,2023-12-9,-3.21E+11
SC20,2023-12-10,-3.34E+11
SC20,2023-12-11,-3.82E+11
SC20,2023-12-12,-3.97E+11
SC20,2023-12-13,-4.43E+11
SC20,2023-12-14,-4.6E+11
SC20,2023-12-15,-5.03E+11
SC20,2023-12-16,-5.21E+11
SC20,2023-12-17,-5.63E+11
SC20,2023-12-18,-5.82E+11
SC20,2023-12-19,-6.22E+11
SC20,2023-12-20,-6.43E+11
SC20,2023-12-21,-6.81E+11
SC20,2023-12-22,-7.03E+11
SC20,2023-12-23,-7.4E+11
SC20,2023-12-24,-7.63E+11
SC20,2023-12-25,-7.99E+11
SC20,2023-12-26,-8.22E+11
SC20,2023-12-27,-8.58E+11
SC20,2023-12-28,-8.82E+11
SC20,2023-12-29,-9.17E+11
SC20,2023-12-30,-9.42E+11
SC32,2023-12-1,-66210800644
SC32,2023-12-2,-69724929674
SC32,2023-12-3,-1.31E+11
SC32,2023-12-4,-1.38E+11
SC32,2023-12-5,-1.95E+11
SC32,2023-12-6,-2.05E+11
SC32,2023-12-7,-2.58E+11
SC32,2023-12-8,-2.7E+11
SC32,2023-12-9,-3.21E+11
SC32,2023-12-10,-3.34E+11
SC32,2023-12-11,-3.82E+11
SC32,2023-12-12,-3.97E+11
SC32,2023-12-13,-4.43E+11
SC32,2023-12-14,-4.6E+11
SC32,2023-12-15,-5.03E+11
SC32,2023-12-16,-5.21E+11
SC32,2023-12-17,-5.63E+11
SC32,2023-12-18,-5.82E+11
SC32,2023-12-19,-6.22E+11
SC32,2023-12-20,-6.43E+11
SC32,2023-12-21,-6.81E+11
SC32,2023-12-22,-7.03E+11
SC32,2023-12-23,-7.4E+11
SC32,2023-12-24,-7.63E+11
SC32,2023-12-25,-7.99E+11
SC32,2023-12-26,-8.22E+11
SC32,2023-12-27,-8.58E+11
SC32,2023-12-28,-8.82E+11
SC32,2023-12-29,-9.17E+11
SC32,2023-12-30,-9.42E+11
SC36,2023-12-1,1.29E+11
SC36,2023-12-2,1.76E+11
SC36,2023-12-3,3.49E+11
SC36,2023-12-4,4.45E+11
SC36,2023-12-5,6.63E+11
SC36,2023-12-6,8.08E+11
SC36,2023-12-7,1.07E+12
SC36,2023-12-8,1.27E+12
SC36,2023-12-9,1.58E+12
SC36,2023-12-10,1.83E+12
SC36,2023-12-11,2.18E+12
SC36,2023-12-12,2.48E+12
SC36,2023-12-13,2.89E+12
SC36,2023-12-14,3.24E+12
SC36,2023-12-15,3.7E+12
SC36,2023-12-16,4.1E+12
SC36,2023-12-17,4.61E+12
SC36,2023-12-18,5.07E+12
SC36,2023-12-19,5.63E+12
SC36,2023-12-20,6.15E+12
SC36,2023-12-21,6.76E+12
SC36,2023-12-22,7.33E+12
SC36,2023-12-23,8E+12
SC36,2023-12-24,8.63E+12
SC36,2023-12-25,9.35E+12
SC36,2023-12-26,1E+13
SC36,2023-12-27,1.08E+13
SC36,2023-12-28,1.16E+13
SC36,2023-12-29,1.24E+13
SC36,2023-12-30,1.32E+13
SC37,2023-12-1,61903003134
SC37,2023-12-2,32061847562
SC37,2023-12-3,57229509905
SC37,2023-12-4,-2632926078
SC37,2023-12-5,-13764269753
SC37,2023-12-6,-1.04E+11
SC37,2023-12-7,-1.51E+11
SC37,2023-12-8,-2.71E+11
SC37,2023-12-9,-3.54E+11
SC37,2023-12-10,-5.04E+11
SC37,2023-12-11,-6.22E+11
SC37,2023-12-12,-8.03E+11
SC37,2023-12-13,-9.56E+11
SC37,2023-12-14,-1.17E+12
SC37,2023-12-15,-1.35E+12
SC37,2023-12-16,-1.6E+12
SC37,2023-12-17,-1.82E+12
SC37,2023-12-18,-2.09E+12
SC37,2023-12-19,-2.35E+12
SC37,2023-12-20,-2.65E+12
SC37,2023-12-21,-2.94E+12
SC37,2023-12-22,-3.27E+12
SC37,2023-12-23,-3.59E+12
SC37,2023-12-24,-3.96E+12
SC37,2023-12-25,-4.31E+12
SC37,2023-12-26,-4.71E+12
SC37,2023-12-27,-5.1E+12
SC37,2023-12-28,-5.52E+12
SC37,2023-12-29,-5.94E+12
SC37,2023-12-30,-6.4E+12
SC41,2023-12-1,61903003127
SC41,2023-12-2,32061847555
SC41,2023-12-3,57229509898
SC41,2023-12-4,-2632926085
SC41,2023-12-5,-13764269760
SC41,2023-12-6,-1.04E+11
SC41,2023-12-7,-1.51E+11
SC41,2023-12-8,-2.71E+11
SC41,2023-12-9,-3.54E+11
SC41,2023-12-10,-5.04E+11
SC41,2023-12-11,-6.22E+11
SC41,2023-12-12,-8.03E+11
SC41,2023-12-13,-9.56E+11
SC41,2023-12-14,-1.17E+12
SC41,2023-12-15,-1.35E+12
SC41,2023-12-16,-1.6E+12
SC41,2023-12-17,-1.82E+12
SC41,2023-12-18,-2.09E+12
SC41,2023-12-19,-2.35E+12
SC41,2023-12-20,-2.65E+12
SC41,2023-12-21,-2.94E+12
SC41,2023-12-22,-3.27E+12
SC41,2023-12-23,-3.59E+12
SC41,2023-12-24,-3.96E+12
SC41,2023-12-25,-4.31E+12
SC41,2023-12-26,-4.71E+12
SC41,2023-12-27,-5.1E+12
SC41,2023-12-28,-5.52E+12
SC41,2023-12-29,-5.94E+12
SC41,2023-12-30,-6.4E+12
SC43,2023-12-1,1.04E+12
SC43,2023-12-2,1.55E+12
SC43,2023-12-3,3.06E+12
SC43,2023-12-4,4.09E+12
SC43,2023-12-5,6.09E+12
SC43,2023-12-6,7.64E+12
SC43,2023-12-7,1.01E+13
SC43,2023-12-8,1.22E+13
SC43,2023-12-9,1.52E+13
SC43,2023-12-10,1.79E+13
SC43,2023-12-11,2.14E+13
SC43,2023-12-12,2.46E+13
SC43,2023-12-13,2.86E+13
SC43,2023-12-14,3.24E+13
SC43,2023-12-15,3.7E+13
SC43,2023-12-16,4.13E+13
SC43,2023-12-17,4.65E+13
SC43,2023-12-18,5.14E+13
SC43,2023-12-19,5.71E+13
SC43,2023-12-20,6.26E+13
SC43,2023-12-21,6.89E+13
SC43,2023-12-22,7.5E+13
SC43,2023-12-23,8.19E+13
SC43,2023-12-24,8.86E+13
SC43,2023-12-25,9.61E+13
SC43,2023-12-26,1.03E+14
SC43,2023-12-27,1.11E+14
SC43,2023-12-28,1.19E+14
SC43,2023-12-29,1.28E+14
SC43,2023-12-30,1.37E+14
SC48,2023-12-1,1.04E+12
SC48,2023-12-2,1.55E+12
SC48,2023-12-3,3.06E+12
SC48,2023-12-4,4.09E+12
SC48,2023-12-5,6.09E+12
SC48,2023-12-6,7.64E+12
SC48,2023-12-7,1.01E+13
SC48,2023-12-8,1.22E+13
SC48,2023-12-9,1.52E+13
SC48,2023-12-10,1.79E+13
SC48,2023-12-11,2.14E+13
SC48,2023-12-12,2.46E+13
SC48,2023-12-13,2.86E+13
SC48,2023-12-14,3.24E+13
SC48,2023-12-15,3.7E+13
SC48,2023-12-16,4.13E+13
SC48,2023-12-17,4.65E+13
SC48,2023-12-18,5.14E+13
SC48,2023-12-19,5.71E+13
SC48,2023-12-20,6.26E+13
SC48,2023-12-21,6.89E+13
SC48,2023-12-22,7.5E+13
SC48,2023-12-23,8.19E+13
SC48,2023-12-24,8.86E+13
SC48,2023-12-25,9.61E+13
SC48,2023-12-26,1.03E+14
SC48,2023-12-27,1.11E+14
SC48,2023-12-28,1.19E+14
SC48,2023-12-29,1.28E+14
SC48,2023-12-30,1.37E+14
SC52,2023-12-1,1.72E+12
SC52,2023-12-2,2.1E+12
SC52,2023-12-3,4.2E+12
SC52,2023-12-4,4.96E+12
SC52,2023-12-5,7.46E+12
SC52,2023-12-6,8.62E+12
SC52,2023-12-7,1.15E+13
SC52,2023-12-8,1.31E+13
SC52,2023-12-9,1.64E+13
SC52,2023-12-10,1.83E+13
SC52,2023-12-11,2.21E+13
SC52,2023-12-12,2.45E+13
SC52,2023-12-13,2.86E+13
SC52,2023-12-14,3.14E+13
SC52,2023-12-15,3.6E+13
SC52,2023-12-16,3.93E+13
SC52,2023-12-17,4.43E+13
SC52,2023-12-18,4.8E+13
SC52,2023-12-19,5.35E+13
SC52,2023-12-20,5.77E+13
SC52,2023-12-21,6.36E+13
SC52,2023-12-22,6.83E+13
SC52,2023-12-23,7.47E+13
SC52,2023-12-24,7.98E+13
SC52,2023-12-25,8.67E+13
SC52,2023-12-26,9.23E+13
SC52,2023-12-27,9.97E+13
SC52,2023-12-28,1.06E+14
SC52,2023-12-29,1.14E+14
SC52,2023-12-30,1.2E+14
SC55,2023-12-1,8.62E+11
SC55,2023-12-2,1.25E+12
SC55,2023-12-3,2.49E+12
SC55,2023-12-4,3.27E+12
SC55,2023-12-5,4.89E+12
SC55,2023-12-6,6.07E+12
SC55,2023-12-7,8.08E+12
SC55,2023-12-8,9.67E+12
SC55,2023-12-9,1.21E+13
SC55,2023-12-10,1.41E+13
SC55,2023-12-11,1.69E+13
SC55,2023-12-12,1.93E+13
SC55,2023-12-13,2.26E+13
SC55,2023-12-14,2.54E+13
SC55,2023-12-15,2.91E+13
SC55,2023-12-16,3.24E+13
SC55,2023-12-17,3.65E+13
SC55,2023-12-18,4.02E+13
SC55,2023-12-19,4.47E+13
SC55,2023-12-20,4.89E+13
SC55,2023-12-21,5.39E+13
SC55,2023-12-22,5.86E+13
SC55,2023-12-23,6.4E+13
SC55,2023-12-24,6.91E+13
SC55,2023-12-25,7.5E+13
SC55,2023-12-26,8.06E+13
SC55,2023-12-27,8.69E+13
SC55,2023-12-28,9.3E+13
SC55,2023-12-29,9.98E+13
SC55,2023-12-30,1.06E+14
SC56,2023-12-1,7.42E+11
SC56,2023-12-2,9.87E+11
SC56,2023-12-3,1.97E+12
SC56,2023-12-4,2.46E+12
SC56,2023-12-5,3.69E+12
SC56,2023-12-6,4.44E+12
SC56,2023-12-7,5.91E+12
SC56,2023-12-8,6.92E+12
SC56,2023-12-9,8.65E+12
SC56,2023-12-10,9.93E+12
SC56,2023-12-11,1.19E+13
SC56,2023-12-12,1.35E+13
SC56,2023-12-13,1.57E+13
SC56,2023-12-14,1.75E+13
SC56,2023-12-15,2E+13
SC56,2023-12-16,2.22E+13
SC56,2023-12-17,2.49E+13
SC56,2023-12-18,2.73E+13
SC56,2023-12-19,3.04E+13
SC56,2023-12-20,3.31E+13
SC56,2023-12-21,3.64E+13
SC56,2023-12-22,3.94E+13
SC56,2023-12-23,4.31E+13
SC56,2023-12-24,4.64E+13
SC56,2023-12-25,5.03E+13
SC56,2023-12-26,5.39E+13
SC56,2023-12-27,5.81E+13
SC56,2023-12-28,6.2E+13
SC56,2023-12-29,6.66E+13
SC56,2023-12-30,7.08E+13
SC63,2023-12-1,4.87E+11
SC63,2023-12-2,7.36E+11
SC63,2023-12-3,1.46E+12
SC63,2023-12-4,1.97E+12
SC63,2023-12-5,2.94E+12
SC63,2023-12-6,3.71E+12
SC63,2023-12-7,4.94E+12
SC63,2023-12-8,5.97E+12
SC63,2023-12-9,7.45E+12
SC63,2023-12-10,8.76E+12
SC63,2023-12-11,1.05E+13
SC63,2023-12-12,1.21E+13
SC63,2023-12-13,1.41E+13
SC63,2023-12-14,1.6E+13
SC63,2023-12-15,1.83E+13
SC63,2023-12-16,2.04E+13
SC63,2023-12-17,2.3E+13
SC63,2023-12-18,2.55E+13
SC63,2023-12-19,2.83E+13
SC63,2023-12-20,3.11E+13
SC63,2023-12-21,3.42E+13
SC63,2023-12-22,3.73E+13
SC63,2023-12-23,4.08E+13
SC63,2023-12-24,4.41E+13
SC63,2023-12-25,4.79E+13
SC63,2023-12-26,5.16E+13
SC63,2023-12-27,5.57E+13
SC63,2023-12-28,5.97E+13
SC63,2023-12-29,6.41E+13
SC63,2023-12-30,6.84E+13
